[{
    "model": "admin.logentry",
    "pk": 1,
    "fields": {
        "action_time": "2021-12-06T09:42:06.946Z",
        "user": 1,
        "content_type": 7,
        "object_id": "1",
        "object_repr": "wheretravelersroam.com",
        "action_flag": 2,
        "change_message": "[{\"changed\": {\"fields\": [\"Domain name\", \"Display name\"]}}]"
    }
}, {
    "model": "admin.logentry",
    "pk": 2,
    "fields": {
        "action_time": "2022-02-16T10:51:32.565Z",
        "user": 2,
        "content_type": 13,
        "object_id": "9",
        "object_repr": "Wildlife",
        "action_flag": 2,
        "change_message": "[{\"changed\": {\"fields\": [\"Name\", \"Friendly name\"]}}]"
    }
}, {
    "model": "admin.logentry",
    "pk": 3,
    "fields": {
        "action_time": "2022-02-16T10:52:17.111Z",
        "user": 2,
        "content_type": 13,
        "object_id": "7",
        "object_repr": "Adventure",
        "action_flag": 2,
        "change_message": "[{\"changed\": {\"fields\": [\"Name\", \"Friendly name\"]}}]"
    }
}, {
    "model": "admin.logentry",
    "pk": 4,
    "fields": {
        "action_time": "2022-02-16T10:52:37.243Z",
        "user": 2,
        "content_type": 13,
        "object_id": "5",
        "object_repr": "essentials",
        "action_flag": 3,
        "change_message": ""
    }
}, {
    "model": "admin.logentry",
    "pk": 5,
    "fields": {
        "action_time": "2022-02-16T10:52:37.247Z",
        "user": 2,
        "content_type": 13,
        "object_id": "3",
        "object_repr": "clearance",
        "action_flag": 3,
        "change_message": ""
    }
}, {
    "model": "admin.logentry",
    "pk": 6,
    "fields": {
        "action_time": "2022-02-16T10:52:37.251Z",
        "user": 2,
        "content_type": 13,
        "object_id": "2",
        "object_repr": "bed_bath",
        "action_flag": 3,
        "change_message": ""
    }
}, {
    "model": "admin.logentry",
    "pk": 7,
    "fields": {
        "action_time": "2022-02-16T10:52:37.254Z",
        "user": 2,
        "content_type": 13,
        "object_id": "1",
        "object_repr": "activewear",
        "action_flag": 3,
        "change_message": ""
    }
}, {
    "model": "admin.logentry",
    "pk": 8,
    "fields": {
        "action_time": "2022-02-16T10:52:57.473Z",
        "user": 2,
        "content_type": 13,
        "object_id": "6",
        "object_repr": "Cultural Experience",
        "action_flag": 2,
        "change_message": "[{\"changed\": {\"fields\": [\"Name\", \"Friendly name\"]}}]"
    }
}, {
    "model": "admin.logentry",
    "pk": 9,
    "fields": {
        "action_time": "2022-02-16T11:07:20.722Z",
        "user": 2,
        "content_type": 14,
        "object_id": "1",
        "object_repr": "South Africa - Wildlife Expedition",
        "action_flag": 1,
        "change_message": "[{\"added\": {}}]"
    }
}, {
    "model": "admin.logentry",
    "pk": 10,
    "fields": {
        "action_time": "2022-02-16T11:25:03.502Z",
        "user": 2,
        "content_type": 14,
        "object_id": "2",
        "object_repr": "Peru - Cultural Experience",
        "action_flag": 1,
        "change_message": "[{\"added\": {}}]"
    }
}, {
    "model": "admin.logentry",
    "pk": 11,
    "fields": {
        "action_time": "2022-02-17T09:12:40.555Z",
        "user": 2,
        "content_type": 14,
        "object_id": "3",
        "object_repr": "Peru -Wildlife Expedition",
        "action_flag": 1,
        "change_message": "[{\"added\": {}}]"
    }
}, {
    "model": "admin.logentry",
    "pk": 12,
    "fields": {
        "action_time": "2022-02-17T09:26:18.599Z",
        "user": 2,
        "content_type": 14,
        "object_id": "4",
        "object_repr": "South Africa - Cape Town",
        "action_flag": 1,
        "change_message": "[{\"added\": {}}]"
    }
}, {
    "model": "admin.logentry",
    "pk": 13,
    "fields": {
        "action_time": "2022-02-17T09:37:52.101Z",
        "user": 2,
        "content_type": 14,
        "object_id": "5",
        "object_repr": "Argentina - Patagonia",
        "action_flag": 1,
        "change_message": "[{\"added\": {}}]"
    }
}, {
    "model": "admin.logentry",
    "pk": 14,
    "fields": {
        "action_time": "2022-02-17T09:51:25.940Z",
        "user": 2,
        "content_type": 14,
        "object_id": "6",
        "object_repr": "Tanzania - Serengeti",
        "action_flag": 1,
        "change_message": "[{\"added\": {}}]"
    }
}, {
    "model": "admin.logentry",
    "pk": 15,
    "fields": {
        "action_time": "2022-02-17T09:54:48.963Z",
        "user": 2,
        "content_type": 14,
        "object_id": "6",
        "object_repr": "Tanzania - Serengeti",
        "action_flag": 2,
        "change_message": "[{\"changed\": {\"fields\": [\"Image\"]}}]"
    }
}, {
    "model": "admin.logentry",
    "pk": 16,
    "fields": {
        "action_time": "2022-02-17T09:58:14.330Z",
        "user": 2,
        "content_type": 13,
        "object_id": "9",
        "object_repr": "African-Wildlife",
        "action_flag": 2,
        "change_message": "[{\"changed\": {\"fields\": [\"Name\", \"Friendly name\"]}}]"
    }
}, {
    "model": "admin.logentry",
    "pk": 17,
    "fields": {
        "action_time": "2022-02-17T09:58:31.490Z",
        "user": 2,
        "content_type": 13,
        "object_id": "7",
        "object_repr": "African-Adventure",
        "action_flag": 2,
        "change_message": "[{\"changed\": {\"fields\": [\"Name\", \"Friendly name\"]}}]"
    }
}, {
    "model": "admin.logentry",
    "pk": 18,
    "fields": {
        "action_time": "2022-02-17T09:58:48.903Z",
        "user": 2,
        "content_type": 13,
        "object_id": "6",
        "object_repr": "Cultural Experience",
        "action_flag": 3,
        "change_message": ""
    }
}, {
    "model": "admin.logentry",
    "pk": 19,
    "fields": {
        "action_time": "2022-02-17T09:59:16.016Z",
        "user": 2,
        "content_type": 13,
        "object_id": "10",
        "object_repr": "South-American Wildlife",
        "action_flag": 1,
        "change_message": "[{\"added\": {}}]"
    }
}, {
    "model": "admin.logentry",
    "pk": 20,
    "fields": {
        "action_time": "2022-02-17T09:59:30.208Z",
        "user": 2,
        "content_type": 13,
        "object_id": "11",
        "object_repr": "South-American Adventure",
        "action_flag": 1,
        "change_message": "[{\"added\": {}}]"
    }
}, {
    "model": "admin.logentry",
    "pk": 21,
    "fields": {
        "action_time": "2022-02-17T10:00:17.898Z",
        "user": 2,
        "content_type": 14,
        "object_id": "2",
        "object_repr": "Peru - Machu Picchu",
        "action_flag": 2,
        "change_message": "[{\"changed\": {\"fields\": [\"Name\"]}}]"
    }
}, {
    "model": "admin.logentry",
    "pk": 22,
    "fields": {
        "action_time": "2022-02-17T10:00:31.718Z",
        "user": 2,
        "content_type": 14,
        "object_id": "1",
        "object_repr": "South Africa - Kruger Park",
        "action_flag": 2,
        "change_message": "[{\"changed\": {\"fields\": [\"Name\"]}}]"
    }
}, {
    "model": "admin.logentry",
    "pk": 23,
    "fields": {
        "action_time": "2022-02-17T10:00:49.602Z",
        "user": 2,
        "content_type": 14,
        "object_id": "3",
        "object_repr": "Peru - Amazon Rainforest",
        "action_flag": 2,
        "change_message": "[{\"changed\": {\"fields\": [\"Category\", \"Name\"]}}]"
    }
}, {
    "model": "admin.logentry",
    "pk": 24,
    "fields": {
        "action_time": "2022-02-17T10:01:04.139Z",
        "user": 2,
        "content_type": 14,
        "object_id": "2",
        "object_repr": "Peru - Machu Picchu",
        "action_flag": 2,
        "change_message": "[{\"changed\": {\"fields\": [\"Category\"]}}]"
    }
}, {
    "model": "admin.logentry",
    "pk": 25,
    "fields": {
        "action_time": "2022-02-17T10:06:27.533Z",
        "user": 2,
        "content_type": 13,
        "object_id": "11",
        "object_repr": "South-American-Adventure",
        "action_flag": 2,
        "change_message": "[{\"changed\": {\"fields\": [\"Name\", \"Friendly name\"]}}]"
    }
}, {
    "model": "admin.logentry",
    "pk": 26,
    "fields": {
        "action_time": "2022-02-17T10:06:37.004Z",
        "user": 2,
        "content_type": 13,
        "object_id": "10",
        "object_repr": "South-American-Wildlife",
        "action_flag": 2,
        "change_message": "[{\"changed\": {\"fields\": [\"Name\", \"Friendly name\"]}}]"
    }
}, {
    "model": "admin.logentry",
    "pk": 27,
    "fields": {
        "action_time": "2022-02-17T10:41:03.185Z",
        "user": 2,
        "content_type": 14,
        "object_id": "5",
        "object_repr": "Argentina - Patagonia",
        "action_flag": 2,
        "change_message": "[{\"changed\": {\"fields\": [\"Category\"]}}]"
    }
}, {
    "model": "admin.logentry",
    "pk": 28,
    "fields": {
        "action_time": "2022-02-20T10:40:04.747Z",
        "user": 2,
        "content_type": 14,
        "object_id": "7",
        "object_repr": "Tanzania - Mount Kilimanjaro",
        "action_flag": 1,
        "change_message": "[{\"added\": {}}]"
    }
}, {
    "model": "admin.logentry",
    "pk": 29,
    "fields": {
        "action_time": "2022-02-20T10:59:32.700Z",
        "user": 2,
        "content_type": 14,
        "object_id": "8",
        "object_repr": "Brazil - Pantanal Wetlands",
        "action_flag": 1,
        "change_message": "[{\"added\": {}}]"
    }
}, {
    "model": "admin.logentry",
    "pk": 30,
    "fields": {
        "action_time": "2022-02-20T11:48:18.694Z",
        "user": 2,
        "content_type": 14,
        "object_id": "9",
        "object_repr": "Uganda - Wildlife Safari",
        "action_flag": 1,
        "change_message": "[{\"added\": {}}]"
    }
}, {
    "model": "admin.logentry",
    "pk": 31,
    "fields": {
        "action_time": "2022-02-20T11:50:13.518Z",
        "user": 2,
        "content_type": 14,
        "object_id": "9",
        "object_repr": "Uganda - Wildlife Safari",
        "action_flag": 2,
        "change_message": "[{\"changed\": {\"fields\": [\"Image\"]}}]"
    }
}, {
    "model": "admin.logentry",
    "pk": 32,
    "fields": {
        "action_time": "2022-02-22T09:57:22.046Z",
        "user": 2,
        "content_type": 13,
        "object_id": "8",
        "object_repr": "new_arrivals",
        "action_flag": 3,
        "change_message": ""
    }
}, {
    "model": "admin.logentry",
    "pk": 33,
    "fields": {
        "action_time": "2022-02-22T09:57:39.800Z",
        "user": 2,
        "content_type": 13,
        "object_id": "4",
        "object_repr": "Activities",
        "action_flag": 2,
        "change_message": "[{\"changed\": {\"fields\": [\"Name\", \"Friendly name\"]}}]"
    }
}, {
    "model": "admin.logentry",
    "pk": 34,
    "fields": {
        "action_time": "2022-02-22T10:00:30.433Z",
        "user": 2,
        "content_type": 13,
        "object_id": "4",
        "object_repr": "African-Activities",
        "action_flag": 2,
        "change_message": "[{\"changed\": {\"fields\": [\"Name\", \"Friendly name\"]}}]"
    }
}, {
    "model": "admin.logentry",
    "pk": 35,
    "fields": {
        "action_time": "2022-02-22T10:00:53.060Z",
        "user": 2,
        "content_type": 13,
        "object_id": "12",
        "object_repr": "South-American-Activities",
        "action_flag": 1,
        "change_message": "[{\"added\": {}}]"
    }
}, {
    "model": "admin.logentry",
    "pk": 36,
    "fields": {
        "action_time": "2022-02-22T10:01:12.175Z",
        "user": 2,
        "content_type": 13,
        "object_id": "7",
        "object_repr": "African-Adventure",
        "action_flag": 2,
        "change_message": "[{\"changed\": {\"fields\": [\"Friendly name\"]}}]"
    }
}, {
    "model": "admin.logentry",
    "pk": 37,
    "fields": {
        "action_time": "2022-02-22T10:01:17.487Z",
        "user": 2,
        "content_type": 13,
        "object_id": "9",
        "object_repr": "African-Wildlife",
        "action_flag": 2,
        "change_message": "[{\"changed\": {\"fields\": [\"Friendly name\"]}}]"
    }
}, {
    "model": "admin.logentry",
    "pk": 38,
    "fields": {
        "action_time": "2022-02-22T10:15:04.654Z",
        "user": 2,
        "content_type": 14,
        "object_id": "10",
        "object_repr": "South Africa - Kruger Park",
        "action_flag": 1,
        "change_message": "[{\"added\": {}}]"
    }
}, {
    "model": "admin.logentry",
    "pk": 39,
    "fields": {
        "action_time": "2022-02-22T10:20:42.024Z",
        "user": 2,
        "content_type": 14,
        "object_id": "11",
        "object_repr": "Peru - Amazon Rainforest",
        "action_flag": 1,
        "change_message": "[{\"added\": {}}]"
    }
}, {
    "model": "admin.logentry",
    "pk": 40,
    "fields": {
        "action_time": "2022-02-22T11:02:54.576Z",
        "user": 2,
        "content_type": 18,
        "object_id": "1",
        "object_repr": "post 1",
        "action_flag": 1,
        "change_message": "[{\"added\": {}}]"
    }
}, {
    "model": "admin.logentry",
    "pk": 41,
    "fields": {
        "action_time": "2022-02-22T11:03:17.583Z",
        "user": 2,
        "content_type": 18,
        "object_id": "2",
        "object_repr": "post 2",
        "action_flag": 1,
        "change_message": "[{\"added\": {}}]"
    }
}, {
    "model": "admin.logentry",
    "pk": 42,
    "fields": {
        "action_time": "2022-03-08T09:29:52.728Z",
        "user": 2,
        "content_type": 18,
        "object_id": "2",
        "object_repr": "post 2",
        "action_flag": 3,
        "change_message": ""
    }
}, {
    "model": "admin.logentry",
    "pk": 43,
    "fields": {
        "action_time": "2022-03-08T09:29:52.733Z",
        "user": 2,
        "content_type": 18,
        "object_id": "1",
        "object_repr": "post 1",
        "action_flag": 3,
        "change_message": ""
    }
}, {
    "model": "auth.user",
    "pk": 1,
    "fields": {
        "password": "pbkdf2_sha256$260000$yPxneaJTIwvK1YRXVt6aZ1$AI8zNvyxYTOd4ngqvPYisE3AQWjyflT4BbSyvxPU+9c=",
        "last_login": "2021-12-06T09:41:09.554Z",
        "is_superuser": true,
        "username": "OliverDaviesCodes",
        "first_name": "",
        "last_name": "",
        "email": "oliverdavieswork@gmail.com",
        "is_staff": true,
        "is_active": true,
        "date_joined": "2021-12-06T08:35:47.676Z",
        "groups": [],
        "user_permissions": []
    }
}, {
    "model": "auth.user",
    "pk": 2,
    "fields": {
        "password": "pbkdf2_sha256$260000$2E6GYLU1xHapkLP12IFAYa$rvP8IrT32Otz0AMT+bzV3sdxRGfo7OB6Qq7PF3I555g=",
        "last_login": "2022-02-26T11:54:29.201Z",
        "is_superuser": true,
        "username": "Admin",
        "first_name": "",
        "last_name": "",
        "email": "oliverdavieswork@gmail.com",
        "is_staff": true,
        "is_active": true,
        "date_joined": "2022-02-16T10:49:29.440Z",
        "groups": [],
        "user_permissions": []
    }
}, {
    "model": "auth.user",
    "pk": 3,
    "fields": {
        "password": "pbkdf2_sha256$260000$dTMBthkr3pB5QQNT7LgS8G$9x916Ub/+ySFVf71SEilDMDDKD61gwLKPjOONI4/N6o=",
        "last_login": "2022-02-19T10:46:30.069Z",
        "is_superuser": false,
        "username": "test",
        "first_name": "",
        "last_name": "",
        "email": "test@test.com",
        "is_staff": false,
        "is_active": true,
        "date_joined": "2022-02-19T10:44:30.390Z",
        "groups": [],
        "user_permissions": []
    }
}, {
    "model": "sessions.session",
    "pk": "69lwfhcmlsf2sssf9sbrtw3uy5fct7kn",
    "fields": {
        "session_data": "eyJiYWciOnsiMTEiOjF9fQ:1nQ59X:Qm4j7X4WH_Nw7l1pDqur__kas8L8-hItNFfYLNx0mvU",
        "expire_date": "2022-03-18T10:27:15.351Z"
    }
}, {
    "model": "sessions.session",
    "pk": "en0tt9y2gjinadtogkhzj2h2e4x61o7l",
    "fields": {
        "session_data": "eyJzYXZlX2luZm8iOmZhbHNlfQ:1nMX0q:5z-PICdxPZbzM6lVKTAvdHZfB_kp8mZ5Bu6l-Zm3juY",
        "expire_date": "2022-03-08T15:23:36.656Z"
    }
}, {
    "model": "sessions.session",
    "pk": "joyrbqpmcmcwdllc2nge53wpln7rmc5a",
    "fields": {
        "session_data": ".eJxVjDsOgzAQBe-yNULYfGxcps8ZrF3v8kkiW8KQBnH3BIkiad_Mmx08buvktyyLnxkcaCh-N8LwlHgCfmAcUxlSXJeZylMpL5rLe2J53S73LzBhnr7vRqpBBjFKd9QbFViIybCoGnWHra4aXaNlSwaRWAXLSlctizQ9a7LyjWZ8i5_jkMCtyyYFEI7gdlDg9HF8AJhZQuE:1nRWAC:3V9-p17mNLshupo0E2kU7mH4qBnw7qxNYTxa33pQmPs",
        "expire_date": "2022-03-22T09:29:52.816Z"
    }
}, {
    "model": "sessions.session",
    "pk": "n2u3q94jzhk4ozrvephendirympp9ewy",
    "fields": {
        "session_data": ".eJxVjMsOwiAQRf-FtSFCGR4u3fcbCMwwUjU0Ke3K-O_apAvd3nPOfYmYtrXGrZclTiQuQonT75YTPkrbAd1Tu80S57YuU5a7Ig_a5ThTeV4P9--gpl6_tTPZ-gQI2pwLmpAN6wzBeI2J2UHQIRDxoDLC4KkQg7VKW1YqOCYj3h_i5Dfw:1muAUf:ABbKPCS-Ky9GrRwRPMmbxpkBcv1tAb0nma7KZbHLpZQ",
        "expire_date": "2021-12-20T09:41:09.558Z"
    }
}, {
    "model": "sessions.session",
    "pk": "pwuonnznsz9ubq9sr1yperc6zh2fukwl",
    "fields": {
        "session_data": ".eJxVjEEOgjAQRe_StWnoUGhh6Z4zNDOdQVDTJhTcGO8uJCx0-9_7760CbusUtiJLmFn1CtTldyOMD0kH4DumW9Yxp3WZSR-KPmnRQ2Z5Xk_3LzBhmfa3lWqUUZyBljpnIgsxORZTI7TYQGWhRs-eHCKxiZ4NVA2L2I6BvOzRgi8Jcxqz6tdlk88XC1s_NA:1nKeDf:7cG8goS8AOaGBM3-7ip1GbqzXwGE4ND-4oVnNAoWm-A",
        "expire_date": "2022-03-03T10:41:03.345Z"
    }
}, {
    "model": "sessions.session",
    "pk": "tdrjr47e0ca52h5znlfuxrf62f1ys43m",
    "fields": {
        "session_data": ".eJxVjEEOwiAQRe_C2hCY0kJduvcMZIaZStVAUtqV8e7apAvd_vfef6mI25rj1mSJM6uzAnX63QjTQ8oO-I7lVnWqZV1m0ruiD9r0tbI8L4f7d5Cx5W_txEwyibcw0OhtYiEmz2I7hAF7MA46DBzIIxLbFNiC6VnEjQwURL0_Dr45EA:1nMWY0:hOqkQfl-kO4o_bR4aWnYZjsUxVMVxSiDh2nB0vrdLsw",
        "expire_date": "2022-03-08T14:53:48.082Z"
    }
}, {
    "model": "sessions.session",
    "pk": "ud5w1ma3r6nv08tk78sn9s8aqcgw7olc",
    "fields": {
        "session_data": "eyJiYWciOnsiNiI6MX19:1nQ4Po:IlPoQGncjlJhW7OjsAVhOjgJP2SY3tVRuJgWoPOmlaI",
        "expire_date": "2022-03-18T09:40:00.789Z"
    }
}, {
    "model": "sites.site",
    "pk": 1,
    "fields": {
        "domain": "wheretravelersroam.com",
        "name": "Where Travelers Roam"
    }
}, {
    "model": "account.emailaddress",
    "pk": 1,
    "fields": {
        "user": 2,
        "email": "oliverdavieswork@gmail.com",
        "verified": true,
        "primary": true
    }
}, {
    "model": "account.emailaddress",
    "pk": 2,
    "fields": {
        "user": 3,
        "email": "test@test.com",
        "verified": true,
        "primary": true
    }
}, {
    "model": "products.category",
    "pk": 4,
    "fields": {
        "name": "African-Activities",
        "friendly_name": "African Activities"
    }
}, {
    "model": "products.category",
    "pk": 7,
    "fields": {
        "name": "African-Adventure",
        "friendly_name": "African Adventure"
    }
}, {
    "model": "products.category",
    "pk": 9,
    "fields": {
        "name": "African-Wildlife",
        "friendly_name": "African Wildlife"
    }
}, {
    "model": "products.category",
    "pk": 10,
    "fields": {
        "name": "South-American-Wildlife",
        "friendly_name": "South American Wildlife"
    }
}, {
    "model": "products.category",
    "pk": 11,
    "fields": {
        "name": "South-American-Adventure",
        "friendly_name": "South American Adventure"
    }
}, {
    "model": "products.category",
    "pk": 12,
    "fields": {
        "name": "South-American-Activities",
        "friendly_name": "South American Activities"
    }
}, {
    "model": "products.product",
    "pk": 1,
    "fields": {
        "category": 9,
        "sku": "pp5001340155",
        "name": "South Africa - Kruger Park",
        "description": "Travel to the Southern most tip of the vast African continent, on a once in a life-time expedition to see the wilds of Africa and the beauty of the South African country. Spend your time in the Kruger National Park one of the largest wildlife reserves. The Kruger national park is famous for its enormous species variety and size with the park stretching over 320km long and 80km wide. Here you can delight in a luxury experience dining in Africa's wildest bush amongst some of the Big 5 and experiencing thrilling wildlife walks and safaris all hosted by experienced African guides. Spend 5 nights in the park itself and 2 nights travelling through the vast Drakensberg mountains, the third largest mountain range in the world and experience the taste, culture and cuisine all tailored to your preferences on this once in a lifetime expedition!",
        "has_sizes": true,
        "price": "1500.00",
        "rating": "4.80",
        "image_url": null,
        "image": "SA-park.jpg"
    }
}, {
    "model": "products.product",
    "pk": 2,
    "fields": {
        "category": 11,
        "sku": "pp5001600425",
        "name": "Peru - Machu Picchu",
        "description": "Travel on this magnificent experience to South America, where you will dive into the rich culture and heritage of Peru.  The incredibly colorful and tasteful people of Peru have a heritage that dates back to the Incan empire which was one of the largest empires in pre-Columbian America. Journey with us as we take you too Machu-Picchu which is a 15th century Incan citadel sitting on a 2,430 m mountain ridge located in the sacred valley about 80km northwest of Cuzco. We will take you through the vibrant villages and cities on a round-about journey through the Peruvian country side, filled with mouth-watering local cuisine and experiences. Have a guide take you through the old Peruvian cities and shares knowledge of there history and there culture. Listen to the music on the streets at night and dress up in the colorful clothing and outfits and dance under the stars in the expedition to South America.",
        "has_sizes": true,
        "price": "2000.00",
        "rating": "5.00",
        "image_url": null,
        "image": "Peru-mp.jpg"
    }
}, {
    "model": "products.product",
    "pk": 3,
    "fields": {
        "category": 10,
        "sku": "pp5001730010",
        "name": "Peru - Amazon Rainforest",
        "description": "Travel with us to the largest rainforest in the world, The Amazon rainforest covers roughly 40% of the South American continent. On a 7 day expedition through the Peruvian country side and rainforest get in touch with nature and experience the wilds of the Amazonia. Hosting an incredibly large wildlife population and one of the largest rivers in the world. Travel with an experienced guide and take part in the real wild-side of the amazon, partaking in kayaking the amazon river and hiking through the jungle in search of species and wildlife",
        "has_sizes": true,
        "price": "2000.00",
        "rating": "5.00",
        "image_url": null,
        "image": "amazon.jpg"
    }
}, {
    "model": "products.product",
    "pk": 4,
    "fields": {
        "category": 7,
        "sku": "pp5001890157",
        "name": "South Africa - Cape Town",
        "description": "Travel with us to the southern most tip of Africa, the beautiful city of Cape Town it is nested in the center of the Iconic and scenic False bay area. Hosting one of the incredible Natural wonders of the world, Table mountain gives you a goliath spectacle to watch over you on your visit and even hike up or take a cable car for the adventurous. The area is known for its beauty and marine diversity where two oceans collide on the southern most tip of Africa, Travel by boat and see Iconic historical landmarks and take-part in thrilling shark cage diving or travel along the peninsula to quiet beautiful beach towns filled with penguins and local shops and restaurants. Hire a surf board and catch some of the famous cape waves or grab a towel and tan on the beaches. The nightlife in the city itself is famous and hosts one of the biggest party streets in the world for the ambitious few. If your looking for a more quiet take travel to the outskirts of the city and visit one of the many beautiful wine farms on a day filled with adventure and sight seeing.",
        "has_sizes": true,
        "price": "1750.00",
        "rating": "4.70",
        "image_url": null,
        "image": "cape_town.jpg"
    }
}, {
    "model": "products.product",
    "pk": 5,
    "fields": {
        "category": 11,
        "sku": "pp5002111605",
        "name": "Argentina - Patagonia",
        "description": "This is an Adventure not to miss. If your a lover of the great outdoors, you would of heard of the famous Patagonian mountains and there splendor. This trip will take you on a 14 day expedition through Argentina, Hiking Kayaking and driving through the Argentinian country side and along the coast. In search of adventure and culture you will experience the Argentinian way of life and get to dine among some of the local villages as guide takes you through Argentina and there outback. The country has a rich cultural and historical background and breath-taking views both inland and coastally, you will get to see Glaciers and part-take in various wildlife activities on this once in a lifetime expedition to Argentina!",
        "has_sizes": true,
        "price": "3000.00",
        "rating": "5.00",
        "image_url": null,
        "image": "Patagonia.jpg"
    }
}, {
    "model": "products.product",
    "pk": 6,
    "fields": {
        "category": 9,
        "sku": "pp5002260206",
        "name": "Tanzania - Serengeti",
        "description": "Travel on this incredible expedition to one of the last true Wild Frontiers of our world, The Serengeti is a host to one of the worlds largest mammal migrations in the world, which helps secure it as one of the Seven Natural Wonders of Africa, and one of the Ten natural travel wonders of the world. Approximately 70 large mammal and 500 bird species are found there. This high diversity is a function of diverse habitats, including riverine forests, swamps, kopjes, grasslands, and woodlands. Blue wildebeest, gazelles, zebras, and buffalos are some of the commonly found large mammals in the region. It hosts the big 5 and and one of the largest lion populations on the planet. This trip will take you on a 10 day adventure into the wilds of Africa, partaking in bush walks talks and active game drives to keep you in the action the entire time. Experienced guides will be looking after you in your camps and cooking for you, so all you have to do is sit back and enjoy the wildlife its natural environment.",
        "has_sizes": true,
        "price": "2500.00",
        "rating": "4.90",
        "image_url": null,
        "image": "serengeti_10Lnw3H.jpg"
    }
}, {
    "model": "products.product",
    "pk": 7,
    "fields": {
        "category": 7,
        "sku": "pp5002440521",
        "name": "Tanzania - Mount Kilimanjaro",
        "description": "This intrepid expedition takes you on a 7 day hiking experience up one of the tallest mountains in the world, and the tallest mountain in Africa. Mount Kilimanjaro stands 5, 895m above sea level and is the highest volcano in Africa and the Eastern Hemisphere.  This is an experienced hike and you will have an experienced guide take you up the mountain and down the trail on the other side over the course of the week ahead. The trip itself is catered and accommodated by us so all you have to do is touch down at the airport and let our team take it from there!",
        "has_sizes": false,
        "price": "1500.00",
        "rating": "4.60",
        "image_url": null,
        "image": "Kilimanjaro.jpg"
    }
}, {
    "model": "products.product",
    "pk": 8,
    "fields": {
        "category": 10,
        "sku": "pp5002601115",
        "name": "Brazil - Pantanal Wetlands",
        "description": "The Pantanal is a vast wetland-approximately half the size of Texas, stretching across the borders of Brazil, Bolivia and Paraguay. The yearly rain fall in the region results in heavy flooding of the area. This flooding has made systematic farming in the region impractical, leaving an enormously rich feeding ground for wildlife. The Pantanal is a wildlife sanctuary filled with giant river otters, anacondas, iguanas, jaguars, ocelots, cougars, jacarés (caiman), deer, giant anteaters, black howler monkeys, zebu bulls and capybaras, the world’s largest rodents. The Pantanal is also home to over 600 species of birds, making them easy to spot. The richness and diversity of the Pantanal’s flora and fauna are absolutely unforgettable. So travel with us on this incredible expedition and take a slice out of the Brazilian wildlife.",
        "has_sizes": false,
        "price": "1750.00",
        "rating": "5.00",
        "image_url": null,
        "image": "pantanal.jpg"
    }
}, {
    "model": "products.product",
    "pk": 9,
    "fields": {
        "category": 9,
        "sku": "pp5002690715",
        "name": "Uganda - Wildlife Safari",
        "description": "Join us on a trip to the heart of Africa and into the forests of Uganda. Join us as we show you what Uganda has to offer - Mountain, Gorillas, chimpanzees and a whole lot more Uganda is an incredibly bio-diverse country filled with beauty and wildlife. We will take you on a tour through 3 national parks and fill your trip with joy excitement and many many first time experiences, you will be accommodated and catered for and there will be professional guides with you through-out the trip to show you the beauty of the Ugandan wild and answers all your questions.",
        "has_sizes": false,
        "price": "1600.00",
        "rating": "4.50",
        "image_url": null,
        "image": "Uganda_uGGy1vn.jpg"
    }
}, {
    "model": "products.product",
    "pk": 10,
    "fields": {
        "category": 4,
        "sku": "pp5002701115",
        "name": "South Africa - Kruger Park",
        "description": "This extra holiday package is an incredible add-on to your Kruger National park trip, consisting of 2 days of extra activities to part-take in and experience in the wild African Bush.  Explore with us as we take you on a night drive out into the Savannah and set up an incredible evening filled with Star-gazing , story-telling and food all well relishing in the beauty of the African bush during the night. The second day is ma cultural pick of local music and as a live band Jemba drumming squad performs for you during lunch and then its followed by an afternoon trip to one of the wildlife rehabilitation centers, where you will be taught about different animals and get to experience what its like to walk and get up close with some of Africa's wildest animals",
        "has_sizes": false,
        "price": "300.00",
        "rating": "5.00",
        "image_url": null,
        "image": "stars.jpg"
    }
}, {
    "model": "products.product",
    "pk": 11,
    "fields": {
        "category": 12,
        "sku": "pp5002761055",
        "name": "Peru - Amazon Rainforest",
        "description": "Delight in this incredible night time experience with us as we take you into the jungle with some of the local village guides, as they share there knowledge and show you the secrets of the Amazon when night time settles in. After this walk through the forest you will be taken back to a beautifully set-up night time dinner and the locals will perform some of there incredibly famous cultural dances and shares stories around a fire.",
        "has_sizes": false,
        "price": "150.00",
        "rating": "4.50",
        "image_url": null,
        "image": "amazon-tribe.jpg"
    }
}, {
    "model": "checkout.order",
    "pk": 1,
    "fields": {
        "order_number": "33E107BAE5ED460E8D9F6D0467721220",
        "user_profile": 1,
        "full_name": "oliver davies",
        "email": "oliverdavieswork@gmail.com",
        "phone_number": "+46707761867",
        "country": "SE",
        "postcode": "16344",
        "town_or_city": "Stockholm",
        "street_address1": "51 Smarbrukarvagen, Spanga",
        "street_address2": null,
        "county": "stockholm",
        "date": "2022-02-17T10:25:47.007Z",
        "order_total": "1500.00",
        "grand_total": "1500.00",
        "original_bag": "{\"1\": {\"items_by_size\": {\"m\": 1}}}",
        "stripe_pid": "pi_3KU7B1I5ZIgRiZR40EjwM1RJ"
    }
}, {
    "model": "checkout.order",
    "pk": 2,
    "fields": {
        "order_number": "894012DE877E419A9EFF781B46CE226B",
        "user_profile": 2,
        "full_name": "oliver davies",
        "email": "oliverdavieswork@gmail.com",
        "phone_number": "+46707761867",
        "country": "SE",
        "postcode": "16344",
        "town_or_city": "Stockholm",
        "street_address1": "51 Smarbrukarvagen, Spanga",
        "street_address2": null,
        "county": "stockholm",
        "date": "2022-02-19T10:49:02.744Z",
        "order_total": "4500.00",
        "grand_total": "4500.00",
        "original_bag": "{\"1\": 3}",
        "stripe_pid": "pi_3KUqUXI5ZIgRiZR40JuSO1Q2"
    }
}, {
    "model": "checkout.order",
    "pk": 3,
    "fields": {
        "order_number": "45C36B148A414F559F9DE38D922BBF87",
        "user_profile": null,
        "full_name": "Reuben Ferrante",
        "email": "reuben.ferrante@gmail.com",
        "phone_number": "+35679332700",
        "country": "MT",
        "postcode": "RBT3049",
        "town_or_city": "Rabat",
        "street_address1": "18, Starlet",
        "street_address2": "Antonio Nani Street",
        "county": null,
        "date": "2022-02-22T15:23:36.550Z",
        "order_total": "3000.00",
        "grand_total": "3000.00",
        "original_bag": "{\"7\": 2}",
        "stripe_pid": "pi_3KW0AfI5ZIgRiZR40shc8Gfj"
    }
}, {
    "model": "checkout.order",
    "pk": 4,
    "fields": {
        "order_number": "1E7217307A5D4CD1BFA02B0BFA3681E1",
        "user_profile": 1,
        "full_name": "oliver davies",
        "email": "oliverdavieswork@gmail.com",
        "phone_number": "+46707761867",
        "country": "SE",
        "postcode": "16344",
        "town_or_city": "Stockholm",
        "street_address1": "51 Smarbrukarvagen, Spanga",
        "street_address2": null,
        "county": "stockholm",
        "date": "2022-02-26T11:55:24.408Z",
        "order_total": "2050.00",
        "grand_total": "1850.00",
        "original_bag": "{\"4\": 1, \"10\": 1}",
        "stripe_pid": "pi_3KXOrjI5ZIgRiZR41FeUtYxK"
    }
}, {
    "model": "checkout.order",
    "pk": 5,
    "fields": {
        "order_number": "2B9C649F6F834F1DB7CE5646A6C681BC",
        "user_profile": 1,
        "full_name": "oliver davies",
        "email": "oliverdavieswork@gmail.com",
        "phone_number": "+46707761867",
        "country": "SE",
        "postcode": "16344",
        "town_or_city": "Stockholm",
        "street_address1": "51 Smarbrukarvagen, Spanga",
        "street_address2": null,
        "county": "stockholm",
        "date": "2022-03-07T10:00:50.716Z",
        "order_total": "1800.00",
        "grand_total": "1800.00",
        "original_bag": "{\"1\": 1, \"10\": 1}",
        "stripe_pid": "pi_3KadL7I5ZIgRiZR40ulzw2pE"
    }
}, {
    "model": "checkout.order",
    "pk": 6,
    "fields": {
        "order_number": "3CD8DA864C644EA3A4310A81397A95CE",
        "user_profile": 1,
        "full_name": "oliver davies",
        "email": "oliverdavieswork@gmail.com",
        "phone_number": "+46707761867",
        "country": "SE",
        "postcode": "16344",
        "town_or_city": "Stockholm",
        "street_address1": "51 Smarbrukarvagen, Spanga",
        "street_address2": null,
        "county": "stockholm",
        "date": "2022-03-07T10:24:11.905Z",
        "order_total": "2400.00",
        "grand_total": "2200.00",
        "original_bag": "{\"1\": 1, \"11\": 2, \"10\": 2}",
        "stripe_pid": "pi_3KadiYI5ZIgRiZR413Ixk5vP"
    }
}, {
    "model": "checkout.order",
    "pk": 7,
    "fields": {
        "order_number": "A0E7D882431B4A6E8BEA2900FBDA52D4",
        "user_profile": 1,
        "full_name": "oliver davies",
        "email": "oliverdavieswork@gmail.com",
        "phone_number": "+46707761867",
        "country": "SE",
        "postcode": "16344",
        "town_or_city": "Stockholm",
        "street_address1": "51 Smarbrukarvagen, Spanga",
        "street_address2": null,
        "county": "stockholm",
        "date": "2022-03-08T08:54:46.454Z",
        "order_total": "4000.00",
        "grand_total": "3800.00",
        "original_bag": "{\"3\": 2}",
        "stripe_pid": "pi_3KayoOI5ZIgRiZR41K0OyAyv"
    }
}, {
    "model": "checkout.order",
    "pk": 8,
    "fields": {
        "order_number": "226BC5F7EA4641DE900A982530A17984",
        "user_profile": 1,
        "full_name": "oliver davies",
        "email": "oliverdavieswork@gmail.com",
        "phone_number": "+46707761867",
        "country": "SE",
        "postcode": "16344",
        "town_or_city": "Stockholm",
        "street_address1": "51 Smarbrukarvagen, Spanga",
        "street_address2": null,
        "county": "stockholm",
        "date": "2022-03-08T09:01:02.138Z",
        "order_total": "4000.00",
        "grand_total": "3800.00",
        "original_bag": "{\"2\": 2}",
        "stripe_pid": "pi_3KayuVI5ZIgRiZR40vZnJyXe"
    }
}, {
    "model": "checkout.order",
    "pk": 9,
    "fields": {
        "order_number": "4631FAAA866D49979BFF37E122B9AA6F",
        "user_profile": 1,
        "full_name": "oliver davies",
        "email": "oliverdavieswork@gmail.com",
        "phone_number": "+46707761867",
        "country": "SE",
        "postcode": "16344",
        "town_or_city": "Stockholm",
        "street_address1": "51 Smarbrukarvagen, Spanga",
        "street_address2": null,
        "county": "stockholm",
        "date": "2022-03-08T09:05:54.331Z",
        "order_total": "3000.00",
        "grand_total": "2800.00",
        "original_bag": "{\"1\": 2}",
        "stripe_pid": "pi_3Kayz3I5ZIgRiZR41ZJe0hgk"
    }
}, {
    "model": "checkout.orderlineitem",
    "pk": 1,
    "fields": {
        "order": 1,
        "product": 1,
        "product_size": "m",
        "quantity": 1,
        "lineitem_total": "1500.00"
    }
}, {
    "model": "checkout.orderlineitem",
    "pk": 2,
    "fields": {
        "order": 2,
        "product": 1,
        "product_size": null,
        "quantity": 3,
        "lineitem_total": "4500.00"
    }
}, {
    "model": "checkout.orderlineitem",
    "pk": 3,
    "fields": {
        "order": 3,
        "product": 7,
        "product_size": null,
        "quantity": 2,
        "lineitem_total": "3000.00"
    }
}, {
    "model": "checkout.orderlineitem",
    "pk": 4,
    "fields": {
        "order": 4,
        "product": 4,
        "product_size": null,
        "quantity": 1,
        "lineitem_total": "1750.00"
    }
}, {
    "model": "checkout.orderlineitem",
    "pk": 5,
    "fields": {
        "order": 4,
        "product": 10,
        "product_size": null,
        "quantity": 1,
        "lineitem_total": "300.00"
    }
}, {
    "model": "checkout.orderlineitem",
    "pk": 6,
    "fields": {
        "order": 5,
        "product": 1,
        "product_size": null,
        "quantity": 1,
        "lineitem_total": "1500.00"
    }
}, {
    "model": "checkout.orderlineitem",
    "pk": 7,
    "fields": {
        "order": 5,
        "product": 10,
        "product_size": null,
        "quantity": 1,
        "lineitem_total": "300.00"
    }
}, {
    "model": "checkout.orderlineitem",
    "pk": 8,
    "fields": {
        "order": 6,
        "product": 1,
        "product_size": null,
        "quantity": 1,
        "lineitem_total": "1500.00"
    }
}, {
    "model": "checkout.orderlineitem",
    "pk": 9,
    "fields": {
        "order": 6,
        "product": 11,
        "product_size": null,
        "quantity": 2,
        "lineitem_total": "300.00"
    }
}, {
    "model": "checkout.orderlineitem",
    "pk": 10,
    "fields": {
        "order": 6,
        "product": 10,
        "product_size": null,
        "quantity": 2,
        "lineitem_total": "600.00"
    }
}, {
    "model": "checkout.orderlineitem",
    "pk": 11,
    "fields": {
        "order": 7,
        "product": 3,
        "product_size": null,
        "quantity": 2,
        "lineitem_total": "4000.00"
    }
}, {
    "model": "checkout.orderlineitem",
    "pk": 12,
    "fields": {
        "order": 8,
        "product": 2,
        "product_size": null,
        "quantity": 2,
        "lineitem_total": "4000.00"
    }
}, {
    "model": "checkout.orderlineitem",
    "pk": 13,
    "fields": {
        "order": 9,
        "product": 1,
        "product_size": null,
        "quantity": 2,
        "lineitem_total": "3000.00"
    }
}, {
    "model": "blog.post",
    "pk": 4,
    "fields": {
        "title": "The wildlife was Awesome",
        "slug": "admin-the-wildlife-was-awesome",
        "updated_on": "2022-02-22T13:52:16.545Z",
        "image": "blogimages/Kilimanjaro.jpg",
        "content": "We saw elephants",
        "author": 2,
        "created_on": "2022-02-22T13:52:16.546Z"
    }
}, {
    "model": "blog.post",
    "pk": 5,
    "fields": {
        "title": "Mauritius",
        "slug": "admin-mauritius",
        "updated_on": "2022-03-02T10:12:11.206Z",
        "image": "blogimages/mauritius.jpg",
        "content": "Honestly one of the best holidays I have ever been on.",
        "author": 2,
        "created_on": "2022-03-02T10:12:11.207Z"
    }
}]